model,algo,image,line_1,line_2,line_3,line_4,line_5,line_6,line_7,line_8,line_9,line_10,line_11,line_12,line_13,line_14,line_15,line_16,min,max,mean,orig
Grayscale,subseq,6701.jpg,415,415,463,130,476,489,519,523,525,530,551,517,541,547,535,541,130,551,482.3125,90.0
Grayscale,peaks,6701.jpg,59,50,64,9,60,69,76,76,84,69,76,69,72,70,75,77,9,84,65.9375,90.0
Grayscale,binary,6701.jpg,432,404,435,127,470,481,496,460,483,487,499,491,499,487,501,495,127,501,452.9375,90.0
Grayscale,mwa,6701.jpg,128,119,147,31,143,131,159,158,148,171,155,161,163,165,157,180,31,180,144.75,90.0
Grayscale,subseq,6728.jpg,201,176,257,139,122,135,155,106,127,183,146,214,212,200,205,231,106,257,175.5625,101.0
Grayscale,peaks,6728.jpg,17,11,18,17,17,19,21,12,7,22,11,16,20,14,21,19,7,22,16.375,101.0
Grayscale,binary,6728.jpg,187,166,222,133,112,122,145,104,113,180,130,186,197,186,190,219,104,222,162.0,101.0
Grayscale,mwa,6728.jpg,37,36,56,38,34,26,30,23,28,49,36,49,41,28,38,36,23,56,36.5625,101.0
Grayscale,subseq,6700.jpg,502,475,454,500,484,462,471,441,446,426,465,507,495,137,274,294,137,507,427.0625,117.0
Grayscale,peaks,6700.jpg,50,37,46,45,53,45,41,45,44,38,42,49,53,21,45,27,21,53,42.5625,117.0
Grayscale,binary,6700.jpg,460,424,458,472,466,476,461,441,421,434,461,482,472,130,261,241,130,482,410.0,117.0
Grayscale,mwa,6700.jpg,83,79,94,93,95,81,101,88,80,73,84,109,100,35,73,74,35,109,83.875,117.0
Grayscale,subseq,6717.jpg,466,453,421,465,385,386,383,437,370,371,375,356,371,342,357,337,337,466,392.1875,81.0
Grayscale,peaks,6717.jpg,24,18,25,26,20,23,19,22,28,33,23,24,20,23,30,28,18,33,24.125,81.0
Grayscale,binary,6717.jpg,440,429,403,434,382,372,370,419,388,363,386,364,361,367,359,364,359,440,387.5625,81.0
Grayscale,mwa,6717.jpg,65,54,81,59,83,81,76,54,88,80,86,81,84,84,91,82,54,91,76.8125,81.0
Grayscale,subseq,6688.jpg,538,497,112,211,181,185,168,183,204,229,185,218,184,242,202,198,112,538,233.5625,140.0
Grayscale,peaks,6688.jpg,59,57,14,37,27,27,22,24,24,37,24,24,25,31,22,26,14,59,30.0,140.0
Grayscale,binary,6688.jpg,543,448,107,213,179,179,162,163,177,213,165,210,166,224,175,174,107,543,218.625,140.0
Grayscale,mwa,6688.jpg,144,128,28,62,48,60,36,38,55,67,46,63,43,67,45,47,28,144,61.0625,140.0
Grayscale,subseq,6698.jpg,550,283,560,127,454,460,474,477,497,606,451,473,466,539,485,495,127,606,462.3125,89.0
Grayscale,peaks,6698.jpg,52,17,53,12,58,47,50,48,46,51,42,44,36,48,46,40,12,58,43.125,89.0
Grayscale,binary,6698.jpg,524,281,532,115,427,448,431,435,462,569,440,429,429,506,448,435,115,569,431.9375,89.0
Grayscale,mwa,6698.jpg,91,55,102,26,96,105,92,103,101,101,93,94,95,91,100,96,26,105,90.0625,89.0
Grayscale,subseq,6707.jpg,300,232,246,222,189,190,169,158,181,144,117,122,99,95,88,86,86,300,164.875,93.0
Grayscale,peaks,6707.jpg,15,13,9,9,5,10,7,4,4,6,6,9,5,4,4,6,4,15,7.25,93.0
Grayscale,binary,6707.jpg,274,222,217,213,179,183,157,154,155,133,122,124,100,103,84,74,74,274,155.875,93.0
Grayscale,mwa,6707.jpg,28,23,29,21,14,19,19,19,18,27,23,22,16,17,12,9,9,29,19.75,93.0
Grayscale,subseq,6713.jpg,573,571,579,602,582,589,592,583,548,581,609,572,580,575,613,586,548,613,583.4375,92.0
Grayscale,peaks,6713.jpg,32,38,39,33,31,33,34,39,34,43,32,37,30,33,34,29,29,43,34.4375,92.0
Grayscale,binary,6713.jpg,579,564,567,571,580,558,552,542,534,526,568,533,547,529,530,536,526,580,551.0,92.0
Grayscale,mwa,6713.jpg,68,87,74,77,78,80,79,71,86,93,87,103,72,74,83,78,68,103,80.625,92.0
Grayscale,subseq,6710.jpg,494,475,499,329,340,336,319,343,352,359,348,373,317,370,342,347,317,499,371.4375,83.0
Grayscale,peaks,6710.jpg,32,21,28,23,28,26,23,23,23,28,20,25,21,20,24,23,20,32,24.25,83.0
Grayscale,binary,6710.jpg,442,429,523,352,349,346,328,326,328,342,345,390,340,372,334,345,326,523,368.1875,83.0
Grayscale,mwa,6710.jpg,81,66,90,81,69,81,71,67,73,61,47,46,42,54,49,55,42,90,64.5625,83.0
Grayscale,subseq,6711.jpg,218,238,251,190,162,172,176,246,214,207,30,46,45,55,566,533,30,566,209.3125,93.0
Grayscale,peaks,6711.jpg,5,9,8,3,7,5,7,10,3,5,0,1,1,2,15,19,0,19,6.25,93.0
Grayscale,binary,6711.jpg,211,239,255,179,166,167,159,259,215,196,30,42,45,50,521,487,30,521,201.3125,93.0
Grayscale,mwa,6711.jpg,9,17,14,16,10,6,14,8,10,15,4,8,10,2,33,39,2,39,13.4375,93.0
Grayscale,subseq,6697.jpg,220,585,562,652,625,590,580,576,585,560,590,566,565,599,610,590,220,652,565.9375,90.0
Grayscale,peaks,6697.jpg,23,60,60,56,54,69,50,55,63,52,54,45,51,58,66,64,23,69,55.0,90.0
Grayscale,binary,6697.jpg,203,529,559,580,590,543,521,527,530,491,493,491,494,552,560,563,203,590,514.125,90.0
Grayscale,mwa,6697.jpg,54,146,138,138,146,133,120,139,141,131,139,148,132,125,130,145,54,148,131.5625,90.0
Grayscale,subseq,6720.jpg,464,451,502,421,435,420,391,386,397,451,412,426,441,479,437,478,386,502,436.9375,67.0
Grayscale,peaks,6720.jpg,32,39,34,33,37,32,26,30,26,30,36,37,26,36,41,37,26,41,33.25,67.0
Grayscale,binary,6720.jpg,435,409,465,385,394,378,378,371,365,398,381,380,396,419,424,422,365,465,400.0,67.0
Grayscale,mwa,6720.jpg,68,74,80,68,80,67,63,80,62,63,68,62,56,71,56,69,56,80,67.9375,67.0
Grayscale,subseq,6708.jpg,426,409,433,428,410,437,505,410,99,470,417,431,401,414,438,484,99,505,413.25,84.0
Grayscale,peaks,6708.jpg,30,29,34,34,36,38,46,27,13,29,24,29,25,34,26,43,13,46,31.0625,84.0
Grayscale,binary,6708.jpg,418,406,438,411,398,420,510,399,94,452,386,373,367,394,392,423,94,510,392.5625,84.0
Grayscale,mwa,6708.jpg,70,72,81,84,74,62,80,61,27,72,56,80,75,104,87,102,27,104,74.1875,84.0
Grayscale,subseq,6682.jpg,289,320,288,208,271,307,271,269,254,86,94,92,77,117,69,78,69,320,193.125,141.0
Grayscale,peaks,6682.jpg,25,35,35,28,36,32,24,28,25,14,12,18,12,10,10,10,10,36,22.125,141.0
Grayscale,binary,6682.jpg,294,321,293,207,269,323,252,291,249,82,82,99,71,113,65,67,65,323,192.375,141.0
Grayscale,mwa,6682.jpg,55,77,59,71,63,54,60,51,40,22,20,26,24,25,19,21,19,77,42.9375,141.0
Grayscale,subseq,6694.jpg,156,45,35,40,31,43,53,87,88,99,155,114,122,138,216,199,31,216,101.3125,114.0
Grayscale,peaks,6694.jpg,14,7,3,5,2,5,7,11,12,13,17,12,18,16,36,19,2,36,12.3125,114.0
Grayscale,binary,6694.jpg,130,43,36,32,32,43,54,89,80,100,145,119,115,139,197,181,32,197,95.9375,114.0
Grayscale,mwa,6694.jpg,29,13,14,10,10,10,17,25,23,27,41,29,45,34,67,49,10,67,27.6875,114.0
Grayscale,subseq,6681.jpg,560,516,507,502,470,477,448,245,164,145,203,131,83,202,192,240,83,560,317.8125,114.0
Grayscale,peaks,6681.jpg,36,35,42,37,41,41,36,27,15,16,21,11,10,34,20,35,10,42,28.5625,114.0
Grayscale,binary,6681.jpg,524,478,481,498,473,468,442,223,151,133,177,121,90,193,171,228,90,524,303.1875,114.0
Grayscale,mwa,6681.jpg,105,86,74,81,80,88,83,57,30,30,43,24,17,50,45,72,17,105,60.3125,114.0
Grayscale,subseq,6726.jpg,643,634,609,593,525,516,283,560,461,541,438,520,555,541,572,467,283,643,528.625,80.0
Grayscale,peaks,6726.jpg,42,51,43,32,40,36,22,65,69,69,78,83,76,89,78,77,22,89,59.375,80.0
Grayscale,binary,6726.jpg,609,595,570,534,512,512,283,522,433,525,425,536,534,510,543,459,283,609,506.375,80.0
Grayscale,mwa,6726.jpg,77,73,70,73,75,66,34,112,116,111,105,164,133,150,137,118,34,164,100.875,80.0
Grayscale,subseq,6686.jpg,521,502,548,570,533,532,562,572,564,598,570,546,604,548,590,564,502,604,557.75,248.0
Grayscale,peaks,6686.jpg,43,28,37,43,42,48,40,44,44,45,49,58,52,46,51,46,28,58,44.75,248.0
Grayscale,binary,6686.jpg,510,452,504,528,516,520,547,538,529,550,526,514,567,545,526,534,452,567,525.375,248.0
Grayscale,mwa,6686.jpg,87,103,100,93,104,99,104,94,119,112,114,119,114,103,96,109,87,119,104.375,248.0
Grayscale,subseq,6692.jpg,103,26,84,90,117,95,402,128,417,158,434,150,458,452,448,172,26,458,233.375,161.0
Grayscale,peaks,6692.jpg,6,1,5,5,7,8,20,6,21,6,22,10,24,22,18,15,1,24,12.25,161.0
Grayscale,binary,6692.jpg,100,33,83,95,115,107,423,148,426,154,468,162,462,467,495,182,33,495,245.0,161.0
Grayscale,mwa,6692.jpg,7,4,13,14,21,16,45,19,50,23,30,21,43,42,40,31,4,50,26.1875,161.0
Grayscale,subseq,6719.jpg,546,485,480,494,489,501,518,481,495,479,478,501,517,475,481,499,475,546,494.9375,64.0
Grayscale,peaks,6719.jpg,37,28,23,25,27,32,39,33,33,29,37,43,38,29,38,37,23,43,33.0,64.0
Grayscale,binary,6719.jpg,480,452,447,442,437,449,436,440,439,423,441,461,489,462,447,466,423,489,450.6875,64.0
Grayscale,mwa,6719.jpg,93,95,89,90,85,91,97,88,80,95,81,108,77,81,116,105,77,116,91.9375,64.0
Grayscale,subseq,6693.jpg,450,448,458,428,403,200,231,170,217,116,133,134,214,169,140,35,35,458,246.625,129.0
Grayscale,peaks,6693.jpg,64,51,57,57,51,30,31,24,33,14,26,27,44,33,25,4,4,64,35.6875,129.0
Grayscale,binary,6693.jpg,426,440,435,421,381,166,205,146,192,110,127,129,209,150,127,36,36,440,231.25,129.0
Grayscale,mwa,6693.jpg,140,113,110,111,119,61,67,45,84,37,62,63,74,55,51,9,9,140,75.0625,129.0
Grayscale,subseq,6687.jpg,618,601,597,592,605,582,592,595,603,583,608,552,531,530,643,527,527,643,584.9375,130.0
Grayscale,peaks,6687.jpg,71,78,61,64,72,65,57,74,62,66,76,64,69,71,75,61,57,78,67.875,130.0
Grayscale,binary,6687.jpg,558,529,511,546,543,528,541,529,510,537,536,483,514,477,597,501,477,597,527.5,130.0
Grayscale,mwa,6687.jpg,127,157,143,149,131,139,152,144,160,144,156,134,135,134,152,116,116,160,142.0625,130.0
Polar,subseq,6701.jpg,213,218,239,232,198,237,264,244,315,323,380,323,389,451,266,182,182,451,279.625,90.0
Polar,peaks,6701.jpg,19,28,22,29,28,36,26,30,30,34,45,32,41,63,28,18,18,63,31.8125,90.0
Polar,binary,6701.jpg,257,278,278,264,236,281,326,298,368,362,463,418,488,521,339,221,221,521,337.375,90.0
Polar,mwa,6701.jpg,41,58,60,87,75,96,58,73,80,94,106,93,96,133,63,57,41,133,79.375,90.0
Polar,subseq,6728.jpg,27,43,29,107,311,238,224,131,340,325,157,241,246,151,209,281,27,340,191.25,101.0
Polar,peaks,6728.jpg,4,9,2,6,29,15,23,9,20,29,12,14,16,14,14,15,2,29,14.4375,101.0
Polar,binary,6728.jpg,60,85,105,222,671,596,504,405,635,690,341,451,522,335,428,585,60,690,414.6875,101.0
Polar,mwa,6728.jpg,13,28,16,45,113,65,79,61,102,87,47,55,50,49,38,52,13,113,56.25,101.0
Polar,subseq,6700.jpg,272,174,324,196,258,273,290,170,217,227,348,95,270,177,224,276,95,348,236.9375,117.0
Polar,peaks,6700.jpg,36,15,48,12,17,15,21,7,11,16,19,7,14,13,19,28,7,48,18.625,117.0
Polar,binary,6700.jpg,610,570,665,440,546,589,635,354,496,424,705,282,542,370,435,573,282,705,514.75,117.0
Polar,mwa,6700.jpg,131,77,139,37,33,67,53,40,39,48,60,31,48,49,49,85,31,139,61.625,117.0
Polar,subseq,6717.jpg,173,289,168,228,266,270,318,159,182,349,195,69,240,153,222,284,69,349,222.8125,81.0
Polar,peaks,6717.jpg,10,20,5,8,6,17,7,7,7,9,8,6,8,9,10,11,5,20,9.25,81.0
Polar,binary,6717.jpg,579,654,446,491,556,661,589,357,469,698,405,283,499,374,439,567,283,698,504.1875,81.0
Polar,mwa,6717.jpg,102,110,33,25,27,65,32,34,45,31,39,34,42,31,48,50,25,110,46.75,81.0
Polar,subseq,6688.jpg,202,193,229,220,269,196,279,289,187,356,218,366,243,115,212,281,115,366,240.9375,140.0
Polar,peaks,6688.jpg,26,21,33,16,36,18,25,26,23,26,14,20,23,12,23,32,12,36,23.375,140.0
Polar,binary,6688.jpg,444,450,459,673,611,468,627,566,374,649,473,734,479,288,398,565,288,734,516.125,140.0
Polar,mwa,6688.jpg,102,105,111,111,146,79,89,63,77,81,65,67,75,54,67,95,54,146,86.6875,140.0
Polar,subseq,6698.jpg,202,249,260,288,275,271,352,420,438,305,424,473,290,353,231,160,160,473,311.9375,89.0
Polar,peaks,6698.jpg,17,17,19,18,18,19,22,30,33,27,50,53,44,42,25,11,11,53,27.8125,89.0
Polar,binary,6698.jpg,247,304,316,358,333,331,420,490,553,422,501,566,357,413,285,218,218,566,382.125,89.0
Polar,mwa,6698.jpg,60,43,61,56,43,56,49,68,56,64,132,141,94,97,67,39,39,141,70.375,89.0
Polar,subseq,6707.jpg,176,218,259,213,192,317,358,346,412,451,418,463,313,340,260,140,140,463,304.75,93.0
Polar,peaks,6707.jpg,9,9,10,4,5,11,12,16,20,22,32,36,26,23,18,5,4,36,16.125,93.0
Polar,binary,6707.jpg,222,275,323,292,233,392,401,458,481,505,478,559,363,431,318,208,208,559,371.1875,93.0
Polar,mwa,6707.jpg,27,24,34,27,29,33,35,34,45,36,65,80,37,51,26,24,24,80,37.9375,93.0
Polar,subseq,6713.jpg,183,251,338,192,245,276,326,183,194,347,97,235,269,165,233,243,97,347,236.0625,92.0
Polar,peaks,6713.jpg,11,9,10,4,9,10,6,5,7,11,5,8,7,12,16,9,4,16,8.6875,92.0
Polar,binary,6713.jpg,639,615,727,459,577,521,670,446,362,661,275,431,508,331,429,527,275,727,511.125,92.0
Polar,mwa,6713.jpg,48,44,42,21,38,28,19,14,9,24,16,9,21,28,41,48,9,48,28.125,92.0
Polar,subseq,6710.jpg,177,310,184,227,283,278,326,153,189,193,362,261,96,171,242,265,96,362,232.3125,83.0
Polar,peaks,6710.jpg,22,35,8,9,14,17,23,5,9,10,19,19,4,13,15,26,4,35,15.5,83.0
Polar,binary,6710.jpg,566,683,431,473,536,633,623,318,421,478,726,513,272,382,458,615,272,726,508.0,83.0
Polar,mwa,6710.jpg,122,121,22,28,34,82,62,17,21,76,53,66,16,29,54,71,16,122,54.625,83.0
Polar,subseq,6711.jpg,32,163,268,181,230,250,312,155,209,359,219,84,268,169,223,238,32,359,210.0,93.0
Polar,peaks,6711.jpg,2,5,11,6,7,9,10,4,5,5,6,2,9,5,9,5,2,11,6.25,93.0
Polar,binary,6711.jpg,85,537,554,424,490,604,578,355,463,670,411,270,548,339,416,509,85,670,453.3125,93.0
Polar,mwa,6711.jpg,2,30,36,12,13,21,25,13,16,13,14,14,19,10,22,22,2,36,17.625,93.0
Polar,subseq,6697.jpg,4,8,51,7,142,330,291,249,283,169,200,374,250,165,253,273,4,374,190.5625,90.0
Polar,peaks,6697.jpg,0,0,4,0,7,24,33,15,31,20,10,33,17,13,29,21,0,33,16.0625,90.0
Polar,binary,6697.jpg,7,16,110,12,533,667,643,532,636,356,483,706,478,343,499,551,7,706,410.75,90.0
Polar,mwa,6697.jpg,3,3,28,1,68,93,130,76,95,73,53,85,73,53,79,78,1,130,61.9375,90.0
Polar,subseq,6720.jpg,161,191,303,196,229,253,299,192,216,314,105,246,290,163,188,248,105,314,224.625,67.0
Polar,peaks,6720.jpg,10,16,28,18,24,30,20,21,29,21,6,16,32,12,9,16,6,32,19.25,67.0
Polar,binary,6720.jpg,591,561,668,457,496,599,628,407,480,686,284,448,589,355,391,495,284,686,508.4375,67.0
Polar,mwa,6720.jpg,66,99,107,91,99,144,142,53,95,124,46,66,76,62,51,58,46,144,86.1875,67.0
Polar,subseq,6708.jpg,153,244,318,141,240,251,328,145,192,331,213,257,146,215,266,324,141,331,235.25,84.0
Polar,peaks,6708.jpg,4,33,37,6,13,25,24,11,8,24,12,13,8,14,18,23,4,37,17.0625,84.0
Polar,binary,6708.jpg,616,600,707,418,521,605,626,323,391,721,482,497,342,424,547,663,323,721,530.1875,84.0
Polar,mwa,6708.jpg,74,146,146,52,66,115,84,45,40,100,52,53,46,37,51,55,37,146,72.625,84.0
Polar,subseq,6682.jpg,105,191,243,334,310,258,190,285,319,191,476,330,190,181,234,285,105,476,257.625,141.0
Polar,peaks,6682.jpg,5,8,8,11,15,16,21,20,28,24,21,23,20,18,24,23,5,28,17.8125,141.0
Polar,binary,6682.jpg,154,252,310,415,382,330,247,391,390,244,567,422,246,250,337,353,154,567,330.625,141.0
Polar,mwa,6682.jpg,14,28,22,25,40,41,56,48,52,61,53,53,61,53,59,35,14,61,43.8125,141.0
Polar,subseq,6694.jpg,166,250,290,227,301,128,115,305,351,334,407,449,430,80,357,243,80,449,277.0625,114.0
Polar,peaks,6694.jpg,13,19,17,7,23,25,18,18,20,20,29,19,78,15,58,38,7,78,26.0625,114.0
Polar,binary,6694.jpg,199,292,357,279,383,149,120,393,455,437,526,528,513,305,420,275,120,528,351.9375,114.0
Polar,mwa,6694.jpg,44,37,37,33,42,55,37,39,52,48,55,54,194,105,135,90,33,194,66.0625,114.0
Polar,subseq,6681.jpg,107,86,260,120,368,144,170,202,182,182,210,267,218,147,240,240,86,368,196.4375,114.0
Polar,peaks,6681.jpg,8,8,32,7,53,5,8,9,5,6,9,3,7,5,20,20,3,53,12.8125,114.0
Polar,binary,6681.jpg,226,276,497,235,752,351,332,513,434,382,406,526,476,305,467,503,226,752,417.5625,114.0
Polar,mwa,6681.jpg,23,39,94,17,150,16,16,38,18,24,25,40,26,26,54,61,16,150,41.6875,114.0
Polar,subseq,6726.jpg,202,198,341,190,230,271,319,161,210,362,210,82,281,172,221,263,82,362,232.0625,80.0
Polar,peaks,6726.jpg,22,23,39,8,9,24,14,5,9,21,9,4,14,11,14,15,4,39,15.0625,80.0
Polar,binary,6726.jpg,565,550,717,421,502,611,625,361,434,733,415,268,517,357,421,547,268,733,502.75,80.0
Polar,mwa,6726.jpg,113,91,114,28,45,99,57,20,30,75,20,24,27,24,42,41,20,114,53.125,80.0
Polar,subseq,6686.jpg,178,236,307,191,257,266,292,185,202,336,101,223,263,175,221,263,101,336,231.0,248.0
Polar,peaks,6686.jpg,8,23,24,4,12,17,14,14,5,12,8,14,12,14,10,13,4,24,12.75,248.0
Polar,binary,6686.jpg,641,597,675,444,523,595,580,377,422,691,292,438,541,365,420,519,292,691,507.5,248.0
Polar,mwa,6686.jpg,57,86,104,19,34,86,48,35,9,58,31,34,27,40,60,51,9,104,48.6875,248.0
Polar,subseq,6692.jpg,31,55,57,36,71,69,57,132,278,289,271,188,235,133,224,225,31,289,146.9375,161.0
Polar,peaks,6692.jpg,1,2,4,3,3,2,3,7,10,14,11,10,7,6,10,8,1,14,6.3125,161.0
Polar,binary,6692.jpg,69,119,170,136,143,173,148,277,644,612,556,448,418,315,482,520,69,644,326.875,161.0
Polar,mwa,6692.jpg,6,8,13,10,4,14,10,33,47,44,48,25,22,22,26,26,4,48,22.375,161.0
Polar,subseq,6719.jpg,198,186,292,174,213,284,301,163,213,357,235,80,277,161,221,256,80,357,225.6875,64.0
Polar,peaks,6719.jpg,10,15,29,8,9,25,17,9,18,22,12,4,18,9,15,14,4,29,14.625,64.0
Polar,binary,6719.jpg,411,584,668,371,451,641,593,338,459,723,436,253,540,351,429,533,253,723,486.3125,64.0
Polar,mwa,6719.jpg,43,93,134,33,42,115,58,29,40,81,38,25,41,39,62,47,25,134,57.5,64.0
Polar,subseq,6693.jpg,51,60,41,145,123,276,162,264,266,125,185,337,247,106,207,309,41,337,181.5,129.0
Polar,peaks,6693.jpg,6,10,4,17,17,35,18,22,29,9,20,29,22,10,22,37,4,37,19.1875,129.0
Polar,binary,6693.jpg,94,130,165,281,257,638,318,552,588,373,357,610,424,291,397,628,94,638,381.4375,129.0
Polar,mwa,6693.jpg,22,32,32,74,62,132,55,66,112,63,57,88,67,49,82,98,22,132,68.1875,129.0
Polar,subseq,6687.jpg,296,178,210,300,268,171,313,183,160,319,217,226,103,189,255,318,103,319,231.625,130.0
Polar,peaks,6687.jpg,32,16,20,36,23,9,31,10,9,29,11,12,11,25,24,42,9,42,21.25,130.0
Polar,binary,6687.jpg,635,576,437,644,532,363,666,372,372,635,415,445,297,365,486,626,297,666,491.625,130.0
Polar,mwa,6687.jpg,111,101,91,105,110,36,108,40,36,117,43,38,44,79,82,143,36,143,80.25,130.0
Polar Pith,subseq,6701.jpg,235,304,339,332,316,290,335,393,399,437,422,430,369,280,390,177,177,437,340.5,90.0
Polar Pith,peaks,6701.jpg,24,32,37,42,43,32,39,53,53,59,56,54,32,27,38,16,16,59,39.8125,90.0
Polar Pith,binary,6701.jpg,294,357,412,404,391,378,419,478,485,543,525,524,440,322,472,207,207,543,415.6875,90.0
Polar Pith,mwa,6701.jpg,63,59,95,108,104,104,97,146,145,141,140,128,105,59,78,48,48,146,101.25,90.0
Polar Pith,subseq,6728.jpg,28,147,98,148,85,172,205,112,145,144,205,289,80,135,174,221,28,289,149.25,101.0
Polar Pith,peaks,6728.jpg,2,16,4,17,4,15,14,10,2,5,11,24,4,7,11,10,2,24,9.75,101.0
Polar Pith,binary,6728.jpg,90,320,211,307,239,354,481,227,296,296,675,656,201,276,364,494,90,675,342.9375,101.0
Polar Pith,mwa,6728.jpg,4,35,15,39,17,53,60,25,16,32,90,85,27,28,38,50,4,90,38.375,101.0
Polar Pith,subseq,6700.jpg,247,338,333,180,156,282,220,208,296,251,256,135,193,230,312,202,135,338,239.9375,117.0
Polar Pith,peaks,6700.jpg,25,31,36,14,11,25,15,16,20,16,20,9,13,23,28,19,9,36,20.0625,117.0
Polar Pith,binary,6700.jpg,655,737,694,566,356,648,533,391,634,531,575,295,363,481,671,652,295,737,548.875,117.0
Polar Pith,mwa,6700.jpg,140,125,112,72,31,96,64,47,62,36,52,37,48,81,99,107,31,140,75.5625,117.0
Polar Pith,subseq,6717.jpg,263,329,263,191,129,175,309,221,278,207,230,129,201,229,308,167,129,329,226.8125,81.0
Polar Pith,peaks,6717.jpg,13,17,14,17,8,10,18,8,7,8,12,11,18,19,18,7,7,19,12.8125,81.0
Polar Pith,binary,6717.jpg,644,752,680,614,316,363,727,546,561,451,547,290,369,461,626,604,290,752,534.4375,81.0
Polar Pith,mwa,6717.jpg,62,84,71,96,47,52,71,47,31,40,56,31,44,60,58,54,31,96,56.5,81.0
Polar Pith,subseq,6688.jpg,119,148,158,184,262,270,272,219,276,190,412,279,272,182,255,382,119,412,242.5,140.0
Polar Pith,peaks,6688.jpg,15,18,22,18,28,31,40,23,26,19,38,28,28,21,20,51,15,51,26.625,140.0
Polar Pith,binary,6688.jpg,349,362,392,601,629,598,605,485,603,395,759,541,603,379,483,732,349,759,532.25,140.0
Polar Pith,mwa,6688.jpg,59,75,87,87,113,111,128,86,78,86,93,97,76,56,58,99,56,128,86.8125,140.0
Polar Pith,subseq,6698.jpg,174,235,281,304,368,297,379,426,359,455,369,256,381,351,216,133,133,455,311.5,89.0
Polar Pith,peaks,6698.jpg,20,26,28,23,29,24,34,37,41,52,18,25,31,34,24,15,15,52,28.8125,89.0
Polar Pith,binary,6698.jpg,200,275,368,346,449,405,468,503,442,544,471,317,488,434,267,184,184,544,385.0625,89.0
Polar Pith,mwa,6698.jpg,63,67,66,63,92,76,85,98,128,150,69,79,86,81,73,47,47,150,82.6875,89.0
Polar Pith,subseq,6707.jpg,178,189,244,340,335,427,288,415,485,402,326,370,242,299,347,183,178,485,316.875,93.0
Polar Pith,peaks,6707.jpg,10,10,13,16,14,21,15,34,26,24,12,13,17,12,23,15,10,34,17.1875,93.0
Polar Pith,binary,6707.jpg,232,272,343,447,388,513,359,509,607,501,424,480,292,370,435,234,232,607,400.375,93.0
Polar Pith,mwa,6707.jpg,52,50,61,62,47,59,47,65,70,66,53,51,32,23,36,43,23,70,51.0625,93.0
Polar Pith,subseq,6713.jpg,58,108,153,128,93,146,106,239,301,125,212,110,127,160,192,259,58,301,157.3125,92.0
Polar Pith,peaks,6713.jpg,0,1,7,3,2,4,2,6,10,3,6,1,6,4,4,12,0,12,4.4375,92.0
Polar Pith,binary,6713.jpg,139,215,305,266,171,322,210,577,647,245,487,251,289,341,402,526,139,647,337.0625,92.0
Polar Pith,mwa,6713.jpg,2,8,12,6,10,9,7,38,46,7,21,13,19,21,26,44,2,46,18.0625,92.0
Polar Pith,subseq,6710.jpg,272,213,322,389,251,345,292,183,245,238,337,157,241,310,314,295,157,389,275.25,83.0
Polar Pith,peaks,6710.jpg,18,16,31,21,26,23,24,10,7,13,26,10,18,26,26,15,7,31,19.375,83.0
Polar Pith,binary,6710.jpg,630,534,650,801,584,703,640,382,477,601,673,362,466,592,598,648,362,801,583.8125,83.0
Polar Pith,mwa,6710.jpg,81,83,113,93,112,94,63,36,46,83,82,42,46,46,48,78,36,113,71.625,83.0
Polar Pith,subseq,6711.jpg,64,155,138,153,84,187,108,132,155,211,63,168,114,135,175,192,63,211,139.625,93.0
Polar Pith,peaks,6711.jpg,3,2,4,1,2,3,0,3,5,4,2,3,4,2,4,4,0,5,2.875,93.0
Polar Pith,binary,6711.jpg,129,301,279,302,211,369,204,236,298,416,172,606,221,264,345,456,129,606,300.5625,93.0
Polar Pith,mwa,6711.jpg,7,20,14,8,6,6,5,10,14,7,5,21,6,7,12,18,5,21,10.375,93.0
Polar Pith,subseq,6697.jpg,74,41,94,86,101,93,133,114,262,172,340,151,140,190,247,301,41,340,158.6875,90.0
Polar Pith,peaks,6697.jpg,8,1,1,6,3,1,7,3,15,5,31,4,7,15,15,24,1,31,9.125,90.0
Polar Pith,binary,6697.jpg,171,126,175,284,213,175,309,233,641,506,707,343,331,392,491,638,126,707,358.4375,90.0
Polar Pith,mwa,6697.jpg,12,7,8,39,9,9,24,10,66,28,110,28,32,51,73,109,7,110,38.4375,90.0
Polar Pith,subseq,6720.jpg,140,176,141,186,145,230,61,214,280,175,318,247,127,150,185,220,61,318,187.1875,67.0
Polar Pith,peaks,6720.jpg,10,13,14,7,13,20,4,16,23,17,31,21,7,13,16,20,4,31,15.3125,67.0
Polar Pith,binary,6720.jpg,341,422,253,653,304,475,191,391,568,379,733,648,248,302,359,505,191,733,423.25,67.0
Polar Pith,mwa,6720.jpg,59,74,39,62,57,110,26,38,121,63,130,151,32,55,63,72,26,151,72.0,67.0
Polar Pith,subseq,6708.jpg,144,171,202,250,255,346,116,178,170,276,338,211,125,160,206,244,116,346,212.0,84.0
Polar Pith,peaks,6708.jpg,6,11,5,12,25,46,7,9,10,17,20,8,9,4,12,13,4,46,13.375,84.0
Polar Pith,binary,6708.jpg,349,609,447,520,651,742,278,353,373,673,672,425,276,335,423,608,276,742,483.375,84.0
Polar Pith,mwa,6708.jpg,46,74,42,52,136,184,39,41,42,111,57,33,31,37,35,53,31,184,63.3125,84.0
Polar Pith,subseq,6682.jpg,192,270,119,269,128,258,339,133,329,138,362,146,375,447,454,287,119,454,265.375,141.0
Polar Pith,peaks,6682.jpg,14,9,14,11,12,17,29,14,27,12,32,14,50,48,40,20,9,50,22.6875,141.0
Polar Pith,binary,6682.jpg,251,332,136,369,156,324,393,173,400,179,449,192,486,556,569,356,136,569,332.5625,141.0
Polar Pith,mwa,6682.jpg,37,49,41,47,42,47,52,47,59,47,59,44,133,115,85,44,37,133,59.25,141.0
Polar Pith,subseq,6694.jpg,178,252,120,81,321,431,375,454,357,315,376,448,325,229,268,146,81,454,292.25,114.0
Polar Pith,peaks,6694.jpg,26,47,16,10,40,41,44,69,49,36,42,45,50,33,33,20,10,69,37.5625,114.0
Polar Pith,binary,6694.jpg,210,307,130,101,374,529,502,517,437,401,488,534,378,283,327,192,101,534,356.875,114.0
Polar Pith,mwa,6694.jpg,62,85,34,36,99,112,96,163,158,86,110,137,125,84,89,52,34,163,95.5,114.0
Polar Pith,subseq,6681.jpg,41,53,81,189,261,223,128,177,209,62,149,235,96,201,138,148,41,261,149.4375,114.0
Polar Pith,peaks,6681.jpg,2,7,7,19,17,35,6,11,26,2,5,9,12,17,14,11,2,35,12.5,114.0
Polar Pith,binary,6681.jpg,87,175,269,402,615,535,342,358,666,213,454,521,162,365,284,537,87,666,374.0625,114.0
Polar Pith,mwa,6681.jpg,12,30,35,64,62,121,31,40,132,20,30,54,39,45,28,52,12,132,49.6875,114.0
Polar Pith,subseq,6726.jpg,153,251,327,117,135,412,318,184,74,291,247,208,139,168,198,210,74,412,214.5,80.0
Polar Pith,peaks,6726.jpg,11,20,27,7,7,26,42,9,1,39,11,9,7,10,8,13,1,42,15.4375,80.0
Polar Pith,binary,6726.jpg,480,554,665,251,293,797,690,374,207,671,528,627,282,322,425,484,207,797,478.125,80.0
Polar Pith,mwa,6726.jpg,38,76,87,17,28,112,131,31,13,140,40,37,23,20,30,44,13,140,54.1875,80.0
Polar Pith,subseq,6686.jpg,133,150,93,176,232,306,203,150,238,182,189,114,176,224,290,332,93,332,199.25,248.0
Polar Pith,peaks,6686.jpg,2,4,2,5,17,25,6,4,9,4,7,7,8,15,19,16,2,25,9.375,248.0
Polar Pith,binary,6686.jpg,275,317,229,372,577,678,479,292,514,390,401,310,392,487,585,732,229,732,439.375,248.0
Polar Pith,mwa,6686.jpg,5,19,9,27,63,78,38,13,33,23,23,34,46,59,67,88,5,88,39.0625,248.0
Polar Pith,subseq,6692.jpg,85,145,84,145,174,50,120,103,190,243,152,100,222,95,103,158,50,243,135.5625,161.0
Polar Pith,peaks,6692.jpg,3,3,1,6,6,1,4,2,8,13,3,2,9,2,4,5,1,13,4.5,161.0
Polar Pith,binary,6692.jpg,202,286,247,378,362,121,249,197,424,481,317,228,491,185,250,415,121,491,302.0625,161.0
Polar Pith,mwa,6692.jpg,8,19,11,23,15,3,11,7,22,33,12,4,30,8,20,37,3,37,16.4375,161.0
Polar Pith,subseq,6719.jpg,235,294,79,147,186,362,231,310,224,264,245,242,112,149,178,235,79,362,218.3125,64.0
Polar Pith,peaks,6719.jpg,14,21,4,15,13,24,18,27,6,14,9,8,5,8,9,20,4,27,13.4375,64.0
Polar Pith,binary,6719.jpg,543,647,207,277,356,739,668,708,445,594,571,596,250,316,383,482,207,739,486.375,64.0
Polar Pith,mwa,6719.jpg,69,97,25,38,40,97,102,135,28,64,55,55,29,41,37,39,25,135,59.4375,64.0
Polar Pith,subseq,6693.jpg,65,89,110,73,124,269,93,154,162,396,218,220,264,121,192,254,65,396,175.25,129.0
Polar Pith,peaks,6693.jpg,15,12,15,10,19,29,10,12,15,40,16,23,21,18,26,20,10,40,18.8125,129.0
Polar Pith,binary,6693.jpg,161,186,227,196,291,622,213,308,350,787,676,439,618,250,365,574,161,787,391.4375,129.0
Polar Pith,mwa,6693.jpg,49,27,66,44,53,108,44,58,67,172,134,83,105,41,47,69,27,172,72.9375,129.0
Polar Pith,subseq,6687.jpg,232,292,136,169,396,201,347,190,341,208,241,259,136,179,209,233,136,396,235.5625,130.0
Polar Pith,peaks,6687.jpg,20,33,14,22,38,25,38,20,41,17,27,24,20,22,18,17,14,41,24.75,130.0
Polar Pith,binary,6687.jpg,527,645,268,328,767,629,751,395,738,580,551,563,269,333,406,506,268,767,516.0,130.0
Polar Pith,mwa,6687.jpg,86,113,54,74,129,108,140,89,174,85,101,111,50,59,33,58,33,174,91.5,130.0
Sobel,subseq,6701.jpg,536,508,553,150,575,599,641,643,652,719,679,701,694,708,715,697,150,719,610.625,90.0
Sobel,peaks,6701.jpg,177,158,181,33,187,201,209,210,220,234,222,239,230,240,239,226,33,240,200.375,90.0
Sobel,binary,6701.jpg,529,491,527,141,558,583,612,586,589,620,595,613,628,626,628,615,141,628,558.8125,90.0
Sobel,mwa,6701.jpg,252,254,293,52,274,287,295,342,320,329,346,350,343,348,340,345,52,350,298.125,90.0
Sobel,subseq,6728.jpg,281,210,303,178,153,183,192,148,169,261,205,272,279,233,274,273,148,303,225.875,101.0
Sobel,peaks,6728.jpg,66,47,78,60,48,61,54,40,43,79,55,73,75,65,84,71,40,84,62.4375,101.0
Sobel,binary,6728.jpg,246,191,270,176,139,169,175,131,147,229,185,246,258,231,263,270,131,270,207.875,101.0
Sobel,mwa,6728.jpg,103,76,125,84,70,82,81,51,61,103,71,111,96,84,111,106,51,125,88.4375,101.0
Sobel,subseq,6700.jpg,633,590,611,600,615,562,562,547,555,543,549,605,621,161,311,345,161,633,525.625,117.0
Sobel,peaks,6700.jpg,172,160,177,156,166,153,150,144,148,149,158,168,172,54,113,100,54,177,146.25,117.0
Sobel,binary,6700.jpg,581,519,580,592,571,571,546,525,535,514,543,581,594,153,313,311,153,594,501.8125,117.0
Sobel,mwa,6700.jpg,212,206,227,217,265,207,213,215,195,203,222,249,232,86,163,160,86,265,204.5,117.0
Sobel,subseq,6717.jpg,601,604,554,611,505,482,466,579,469,468,483,465,428,444,460,446,428,611,504.0625,81.0
Sobel,peaks,6717.jpg,110,123,124,128,123,126,121,123,125,126,131,114,113,127,129,117,110,131,122.5,81.0
Sobel,binary,6717.jpg,564,562,509,584,464,447,462,527,462,446,475,446,434,429,444,433,429,584,480.5,81.0
Sobel,mwa,6717.jpg,174,153,186,177,185,187,173,158,176,177,185,165,182,184,190,169,153,190,176.3125,81.0
Sobel,subseq,6688.jpg,637,576,138,262,216,237,211,219,260,277,245,274,242,274,250,266,138,637,286.5,140.0
Sobel,peaks,6688.jpg,182,174,38,87,66,73,69,71,78,97,78,88,77,88,70,81,38,182,88.5625,140.0
Sobel,binary,6688.jpg,621,560,115,248,211,213,197,200,232,252,217,266,208,276,224,239,115,621,267.4375,140.0
Sobel,mwa,6688.jpg,285,263,57,117,102,110,98,106,115,117,103,123,110,124,95,104,57,285,126.8125,140.0
Sobel,subseq,6698.jpg,692,359,691,172,577,571,583,597,583,717,579,594,619,659,647,630,172,717,579.375,89.0
Sobel,peaks,6698.jpg,180,88,185,49,166,164,154,168,159,183,157,163,168,166,177,173,49,185,156.25,89.0
Sobel,binary,6698.jpg,678,341,663,152,549,550,551,568,544,693,570,539,537,635,581,554,152,693,544.0625,89.0
Sobel,mwa,6698.jpg,225,109,247,72,222,233,221,216,226,256,223,210,210,208,233,235,72,256,209.125,89.0
Sobel,subseq,6707.jpg,376,304,290,279,228,251,209,218,202,191,155,154,133,138,115,103,103,376,209.125,93.0
Sobel,peaks,6707.jpg,66,60,55,53,42,46,40,40,39,39,32,32,27,26,24,24,24,66,40.3125,93.0
Sobel,binary,6707.jpg,330,271,270,258,201,229,194,202,181,180,142,132,125,126,107,95,95,330,190.1875,93.0
Sobel,mwa,6707.jpg,86,74,69,69,50,64,52,49,46,42,33,44,34,34,30,32,30,86,50.5,93.0
Sobel,subseq,6713.jpg,721,736,736,731,728,719,718,761,729,760,763,720,747,746,782,759,718,782,741.0,92.0
Sobel,peaks,6713.jpg,167,173,183,164,172,176,169,182,178,196,184,177,171,173,182,178,164,196,176.5625,92.0
Sobel,binary,6713.jpg,718,690,700,699,710,690,673,704,685,688,705,655,688,672,703,675,655,718,690.9375,92.0
Sobel,mwa,6713.jpg,214,235,224,212,222,248,224,210,217,236,237,243,215,219,225,231,210,248,225.75,92.0
Sobel,subseq,6710.jpg,644,615,636,431,407,435,434,425,430,418,410,424,430,453,409,439,407,644,465.0,83.0
Sobel,peaks,6710.jpg,137,139,141,115,112,119,105,110,110,107,102,98,87,105,98,88,87,141,110.8125,83.0
Sobel,binary,6710.jpg,590,548,609,413,392,422,403,397,391,405,402,428,415,441,417,429,391,609,443.875,83.0
Sobel,mwa,6710.jpg,199,196,241,172,161,185,156,154,157,163,126,126,117,145,132,127,117,241,159.8125,83.0
Sobel,subseq,6711.jpg,256,285,285,225,213,211,204,320,275,258,47,49,58,63,718,683,47,718,259.375,93.0
Sobel,peaks,6711.jpg,46,55,58,42,37,44,43,51,40,47,7,8,10,14,115,121,7,121,46.125,93.0
Sobel,binary,6711.jpg,255,275,301,215,210,214,203,317,277,245,43,46,54,61,686,675,43,686,254.8125,93.0
Sobel,mwa,6711.jpg,38,72,70,48,42,41,55,57,48,49,8,11,13,17,129,140,8,140,52.375,93.0
Sobel,subseq,6697.jpg,280,669,713,860,783,731,728,752,760,712,737,726,728,762,735,727,280,860,712.6875,90.0
Sobel,peaks,6697.jpg,81,197,201,217,226,226,207,215,218,201,207,210,214,222,214,219,81,226,204.6875,90.0
Sobel,binary,6697.jpg,260,630,688,807,733,674,681,656,664,624,631,637,639,667,676,689,260,807,647.25,90.0
Sobel,mwa,6697.jpg,126,269,290,291,335,300,300,304,275,306,309,317,279,315,315,303,126,335,289.625,90.0
Sobel,subseq,6720.jpg,591,553,602,547,517,549,529,500,543,575,514,488,552,602,541,592,488,602,549.6875,67.0
Sobel,peaks,6720.jpg,131,130,134,142,131,133,116,135,125,130,132,132,125,127,147,144,116,147,132.125,67.0
Sobel,binary,6720.jpg,552,505,577,479,467,505,474,459,460,519,468,439,507,519,497,525,439,577,497.0,67.0
Sobel,mwa,6720.jpg,191,168,191,179,179,186,162,177,170,168,178,187,164,163,179,185,162,191,176.6875,67.0
Sobel,subseq,6708.jpg,511,500,524,492,493,513,612,522,123,562,497,515,525,564,549,580,123,612,505.125,84.0
Sobel,peaks,6708.jpg,134,128,145,134,115,132,157,128,40,140,116,136,133,150,136,163,40,163,130.4375,84.0
Sobel,binary,6708.jpg,521,483,515,470,479,480,578,521,121,531,454,465,479,504,480,514,121,578,474.6875,84.0
Sobel,mwa,6708.jpg,190,170,198,190,177,179,208,173,60,193,172,178,176,198,198,235,60,235,180.9375,84.0
Sobel,subseq,6682.jpg,339,358,373,255,324,387,337,331,287,115,111,119,95,136,89,104,89,387,235.0,141.0
Sobel,peaks,6682.jpg,90,110,104,84,101,92,87,81,83,35,31,36,28,38,28,31,28,110,66.1875,141.0
Sobel,binary,6682.jpg,317,371,360,266,323,365,298,313,281,116,95,107,91,124,75,93,75,371,224.6875,141.0
Sobel,mwa,6682.jpg,133,157,140,130,146,147,136,128,110,47,44,45,34,56,41,49,34,157,96.4375,141.0
Sobel,subseq,6694.jpg,186,61,51,49,44,55,64,109,113,131,203,143,148,183,295,238,44,295,129.5625,114.0
Sobel,peaks,6694.jpg,51,19,13,12,14,20,19,30,31,42,61,41,50,58,105,75,12,105,40.0625,114.0
Sobel,binary,6694.jpg,163,60,47,41,35,48,59,101,102,119,181,126,142,168,262,212,35,262,116.625,114.0
Sobel,mwa,6694.jpg,67,34,20,17,13,26,33,50,53,57,81,65,69,77,141,111,13,141,57.125,114.0
Sobel,subseq,6681.jpg,696,619,604,601,579,564,553,301,203,199,259,167,108,232,246,316,108,696,390.4375,114.0
Sobel,peaks,6681.jpg,167,148,147,145,141,134,146,88,57,54,76,47,33,74,72,103,33,167,102.0,114.0
Sobel,binary,6681.jpg,678,587,581,598,539,565,514,272,188,164,230,146,105,231,219,290,105,678,369.1875,114.0
Sobel,mwa,6681.jpg,204,183,202,196,179,219,198,111,73,73,85,66,48,111,89,134,48,219,135.6875,114.0
Sobel,subseq,6726.jpg,831,773,769,752,647,655,344,647,527,645,516,641,676,645,679,525,344,831,642.0,80.0
Sobel,peaks,6726.jpg,201,185,185,181,156,155,84,198,169,193,175,224,218,206,208,181,84,224,182.4375,80.0
Sobel,binary,6726.jpg,728,687,677,661,612,602,317,605,510,615,530,628,657,637,646,530,317,728,602.625,80.0
Sobel,mwa,6726.jpg,235,232,228,216,199,211,106,281,258,287,255,300,329,325,321,280,106,329,253.9375,80.0
Sobel,subseq,6686.jpg,655,681,684,720,683,696,742,740,691,730,742,713,739,720,732,709,655,742,711.0625,248.0
Sobel,peaks,6686.jpg,178,168,183,174,175,181,169,184,172,180,181,177,162,191,183,184,162,191,177.625,248.0
Sobel,binary,6686.jpg,641,595,616,664,619,653,679,682,654,696,698,683,711,664,682,670,595,711,662.9375,248.0
Sobel,mwa,6686.jpg,237,227,223,244,241,244,252,256,241,239,222,253,218,246,247,252,218,256,240.125,248.0
Sobel,subseq,6692.jpg,128,43,119,113,188,126,562,159,592,214,618,193,615,635,639,239,43,639,323.9375,161.0
Sobel,peaks,6692.jpg,26,8,29,23,42,25,106,36,108,42,115,41,121,119,107,59,8,121,62.9375,161.0
Sobel,binary,6692.jpg,130,38,108,119,155,130,573,164,572,195,570,198,603,593,607,237,38,607,312.0,161.0
Sobel,mwa,6692.jpg,27,13,40,28,51,36,127,47,119,41,129,43,130,152,130,67,13,152,73.75,161.0
Sobel,subseq,6719.jpg,706,666,650,662,640,647,658,647,626,654,651,674,661,613,657,652,613,706,654.0,64.0
Sobel,peaks,6719.jpg,174,154,155,155,153,153,162,165,151,154,160,177,166,154,168,159,151,177,160.0,64.0
Sobel,binary,6719.jpg,622,581,580,581,568,587,589,573,559,573,559,594,601,559,596,594,559,622,582.25,64.0
Sobel,mwa,6719.jpg,236,209,198,217,208,220,248,211,219,233,225,245,219,217,232,243,198,248,223.75,64.0
Sobel,subseq,6693.jpg,564,547,554,535,482,267,299,212,277,160,213,201,256,184,165,38,38,564,309.625,129.0
Sobel,peaks,6693.jpg,186,169,181,176,155,92,105,61,94,52,71,67,96,64,57,13,13,186,102.4375,129.0
Sobel,binary,6693.jpg,524,528,503,505,465,225,254,185,258,138,183,166,246,185,164,37,37,528,285.375,129.0
Sobel,mwa,6693.jpg,285,270,260,254,263,133,139,93,137,77,95,92,143,98,92,27,27,285,153.625,129.0
Sobel,subseq,6687.jpg,821,802,751,737,759,758,770,731,734,707,749,699,651,658,801,654,651,821,736.375,130.0
Sobel,peaks,6687.jpg,202,234,206,195,207,217,211,209,234,198,239,210,215,212,239,201,195,239,214.3125,130.0
Sobel,binary,6687.jpg,728,693,691,697,702,707,702,681,637,667,660,616,616,599,734,608,599,734,671.125,130.0
Sobel,mwa,6687.jpg,263,333,290,317,310,305,297,305,334,291,348,290,300,289,333,281,263,348,305.375,130.0
Canny,subseq,6701.jpg,178,181,193,26,202,206,215,219,229,233,223,256,246,221,256,227,26,256,206.9375,90.0
Canny,peaks,6701.jpg,121,125,134,16,138,143,144,143,152,166,156,175,173,157,179,157,16,179,142.4375,90.0
Canny,binary,6701.jpg,453,431,455,86,479,505,523,523,537,557,538,573,557,539,579,557,86,579,493.25,90.0
Canny,mwa,6701.jpg,344,337,355,65,374,373,409,417,405,437,428,433,438,427,456,425,65,456,382.6875,90.0
Canny,subseq,6728.jpg,67,53,88,66,44,61,61,45,35,82,57,64,76,49,76,62,35,88,61.625,101.0
Canny,peaks,6728.jpg,48,40,67,43,28,42,42,30,26,56,38,47,50,34,45,42,26,67,42.375,101.0
Canny,binary,6728.jpg,184,154,224,149,113,142,146,113,106,192,141,193,186,148,190,172,106,224,159.5625,101.0
Canny,mwa,6728.jpg,145,118,174,106,94,104,102,82,83,140,109,144,139,112,148,124,82,174,120.25,101.0
Canny,subseq,6700.jpg,180,145,190,172,181,154,177,143,158,157,162,181,181,55,98,82,55,190,151.0,117.0
Canny,peaks,6700.jpg,124,108,137,110,128,109,124,100,110,113,120,127,127,35,62,56,35,137,105.625,117.0
Canny,binary,6700.jpg,440,390,463,435,454,410,433,403,400,394,422,459,433,140,254,240,140,463,385.625,117.0
Canny,mwa,6700.jpg,328,290,351,319,377,302,324,301,303,299,329,356,342,108,201,189,108,377,294.9375,117.0
Canny,subseq,6717.jpg,114,111,135,116,119,123,113,124,132,127,141,113,127,138,130,133,111,141,124.75,81.0
Canny,peaks,6717.jpg,81,84,102,88,93,90,83,89,103,93,100,83,92,101,94,97,81,103,92.0625,81.0
Canny,binary,6717.jpg,330,331,366,337,350,349,343,350,351,354,365,342,340,367,364,353,330,367,349.5,81.0
Canny,mwa,6717.jpg,253,261,271,250,266,263,265,263,264,263,286,253,264,278,294,267,250,294,266.3125,81.0
Canny,subseq,6688.jpg,197,172,36,90,78,76,87,86,86,97,88,98,78,94,84,91,36,197,96.125,140.0
Canny,peaks,6688.jpg,137,113,24,56,51,54,60,59,60,66,62,66,54,67,61,65,24,137,65.9375,140.0
Canny,binary,6688.jpg,497,452,95,213,182,190,181,181,197,227,194,216,194,231,186,206,95,497,227.625,140.0
Canny,mwa,6688.jpg,383,342,69,165,145,146,137,134,152,171,149,164,151,180,147,159,69,383,174.625,140.0
Canny,subseq,6698.jpg,176,96,176,59,174,179,154,167,156,188,174,165,185,162,180,153,59,188,159.0,89.0
Canny,peaks,6698.jpg,117,69,120,42,120,119,105,114,102,124,119,116,128,109,127,114,42,128,109.0625,89.0
Canny,binary,6698.jpg,424,257,455,136,405,425,391,402,402,480,426,426,443,413,441,406,136,480,395.75,89.0
Canny,mwa,6698.jpg,317,197,350,112,303,327,302,303,300,359,332,323,344,306,343,315,112,359,302.0625,89.0
Canny,subseq,6707.jpg,61,49,54,48,34,54,39,42,35,25,26,26,23,22,25,20,20,61,36.4375,93.0
Canny,peaks,6707.jpg,43,38,41,35,24,39,28,31,27,20,20,21,19,17,21,19,17,43,27.6875,93.0
Canny,binary,6707.jpg,193,169,174,160,116,148,126,124,108,88,81,83,74,75,70,59,59,193,115.5,93.0
Canny,mwa,6707.jpg,133,122,131,119,87,101,96,92,74,56,50,53,57,56,54,43,43,133,82.75,93.0
Canny,subseq,6713.jpg,181,180,204,176,164,171,168,182,203,206,183,193,195,180,182,206,164,206,185.875,92.0
Canny,peaks,6713.jpg,136,130,142,126,119,117,130,136,150,152,140,144,148,135,139,156,117,156,137.5,92.0
Canny,binary,6713.jpg,510,493,523,486,467,495,480,501,515,516,501,503,492,493,502,537,467,537,500.875,92.0
Canny,mwa,6713.jpg,382,373,373,363,344,370,353,385,374,401,382,379,361,372,365,413,344,413,374.375,92.0
Canny,subseq,6710.jpg,126,123,141,122,121,124,103,112,100,105,99,106,86,100,88,93,86,141,109.3125,83.0
Canny,peaks,6710.jpg,95,96,97,90,88,95,76,85,73,74,73,75,61,76,62,61,61,97,79.8125,83.0
Canny,binary,6710.jpg,394,383,428,329,329,331,289,290,286,290,261,286,248,278,253,265,248,428,308.75,83.0
Canny,mwa,6710.jpg,291,276,339,266,248,259,208,208,212,222,187,205,190,214,187,187,187,339,231.1875,83.0
Canny,subseq,6711.jpg,29,48,41,43,47,44,42,39,28,37,10,10,10,14,108,133,10,133,42.6875,93.0
Canny,peaks,6711.jpg,24,35,30,29,33,32,29,30,21,30,8,8,8,9,83,98,8,98,31.6875,93.0
Canny,binary,6711.jpg,109,170,156,130,125,133,125,145,112,113,25,27,28,39,304,328,25,328,129.3125,93.0
Canny,mwa,6711.jpg,68,122,110,95,96,97,93,97,83,81,18,21,20,29,223,240,18,240,93.3125,93.0
Canny,subseq,6697.jpg,67,200,227,240,243,233,212,220,218,194,216,226,206,226,224,223,67,243,210.9375,90.0
Canny,peaks,6697.jpg,46,134,158,172,164,156,154,156,159,140,157,163,151,167,157,155,46,172,149.3125,90.0
Canny,binary,6697.jpg,199,506,553,597,591,574,542,550,541,519,556,552,532,556,557,574,199,597,531.1875,90.0
Canny,mwa,6697.jpg,155,378,431,448,457,448,421,413,400,401,432,440,392,428,422,422,155,457,405.5,90.0
Canny,subseq,6720.jpg,128,130,115,133,116,116,101,123,111,109,101,118,104,104,121,126,101,133,116.0,67.0
Canny,peaks,6720.jpg,88,90,80,98,82,84,73,85,81,79,70,77,72,72,86,88,70,98,81.5625,67.0
Canny,binary,6720.jpg,349,340,334,363,333,322,305,322,334,334,316,322,307,320,320,342,305,363,328.9375,67.0
Canny,mwa,6720.jpg,266,261,252,278,251,252,222,256,251,259,253,257,225,234,235,262,222,278,250.875,67.0
Canny,subseq,6708.jpg,147,161,139,121,128,133,161,135,39,141,117,122,129,131,125,143,39,161,129.5,84.0
Canny,peaks,6708.jpg,100,109,98,82,93,85,104,92,25,94,84,91,92,93,94,102,25,109,89.875,84.0
Canny,binary,6708.jpg,379,376,380,347,359,357,420,359,97,393,334,359,372,379,374,402,97,420,355.4375,84.0
Canny,mwa,6708.jpg,288,282,291,279,272,267,321,261,81,297,239,272,291,295,300,315,81,321,271.9375,84.0
Canny,subseq,6682.jpg,84,97,103,97,88,90,81,83,73,32,31,32,24,36,28,39,24,103,63.625,141.0
Canny,peaks,6682.jpg,63,66,69,67,60,64,58,60,53,22,23,22,17,24,19,29,17,69,44.75,141.0
Canny,binary,6682.jpg,232,273,259,225,248,249,234,235,204,84,79,86,75,97,72,82,72,273,170.875,141.0
Canny,mwa,6682.jpg,172,209,213,171,189,187,179,183,160,62,61,61,56,77,49,66,49,213,130.9375,141.0
Canny,subseq,6694.jpg,57,14,14,13,10,24,26,41,41,54,58,40,57,60,117,60,10,117,42.875,114.0
Canny,peaks,6694.jpg,41,10,10,8,7,16,16,26,29,36,38,29,38,40,78,42,7,78,29.0,114.0
Canny,binary,6694.jpg,141,44,40,34,29,46,56,87,97,115,145,109,138,140,238,174,29,238,102.0625,114.0
Canny,mwa,6694.jpg,105,35,31,23,22,31,42,63,74,88,111,90,101,108,172,130,22,172,76.625,114.0
Canny,subseq,6681.jpg,173,144,128,162,120,156,155,92,60,66,61,34,33,78,84,119,33,173,104.0625,114.0
Canny,peaks,6681.jpg,124,105,93,114,88,110,110,66,47,44,44,26,21,51,62,85,21,124,74.375,114.0
Canny,binary,6681.jpg,440,391,376,432,361,408,397,221,151,149,168,112,83,190,188,259,83,440,270.375,114.0
Canny,mwa,6681.jpg,334,295,287,331,274,307,294,164,114,114,122,85,63,154,145,199,63,334,205.125,114.0
Canny,subseq,6726.jpg,207,200,178,178,150,183,88,212,168,189,181,232,203,203,202,183,88,232,184.8125,80.0
Canny,peaks,6726.jpg,151,143,127,132,107,129,64,144,113,127,120,153,132,130,138,122,64,153,127.0,80.0
Canny,binary,6726.jpg,511,520,478,474,424,445,228,510,421,480,430,535,503,497,504,450,228,535,463.125,80.0
Canny,mwa,6726.jpg,382,397,372,360,311,335,170,394,324,371,334,412,397,379,389,325,170,412,353.25,80.0
Canny,subseq,6686.jpg,189,150,184,172,195,191,173,163,186,164,180,193,171,199,203,178,150,203,180.6875,248.0
Canny,peaks,6686.jpg,134,114,136,115,134,133,128,116,130,118,122,133,121,134,136,123,114,136,126.6875,248.0
Canny,binary,6686.jpg,477,436,482,475,501,492,476,462,488,443,479,488,466,501,499,476,436,501,477.5625,248.0
Canny,mwa,6686.jpg,366,329,375,373,379,376,354,345,378,352,381,372,346,384,390,375,329,390,367.1875,248.0
Canny,subseq,6692.jpg,31,4,32,25,42,31,118,30,95,26,107,40,117,129,102,46,4,129,60.9375,161.0
Canny,peaks,6692.jpg,21,3,23,18,31,20,83,22,67,21,78,27,88,94,72,31,3,94,43.6875,161.0
Canny,binary,6692.jpg,80,19,80,75,112,96,318,106,291,105,319,123,347,361,327,151,19,361,181.875,161.0
Canny,mwa,6692.jpg,54,13,58,54,88,62,235,75,210,72,237,89,254,262,235,106,13,262,131.5,161.0
Canny,subseq,6719.jpg,169,148,135,146,128,152,159,153,150,145,158,178,163,149,157,152,128,178,152.625,64.0
Canny,peaks,6719.jpg,125,106,106,111,96,108,113,115,109,112,115,129,112,107,114,110,96,129,111.75,64.0
Canny,binary,6719.jpg,449,410,400,406,386,431,432,418,415,419,420,458,418,406,435,427,386,458,420.625,64.0
Canny,mwa,6719.jpg,358,322,306,303,306,337,322,327,305,337,319,354,316,303,339,315,303,358,323.0625,64.0
Canny,subseq,6693.jpg,203,166,181,183,182,86,114,58,84,43,67,65,85,62,59,13,13,203,103.1875,129.0
Canny,peaks,6693.jpg,142,118,121,129,119,61,79,42,60,28,45,46,55,40,39,9,9,142,70.8125,129.0
Canny,binary,6693.jpg,478,419,439,439,424,201,239,141,201,102,150,148,206,149,140,37,37,478,244.5625,129.0
Canny,mwa,6693.jpg,373,313,333,333,330,164,184,116,159,82,115,114,162,117,102,30,30,373,189.1875,129.0
Canny,subseq,6687.jpg,209,240,209,220,224,232,234,214,234,192,254,216,205,240,251,215,192,254,224.3125,130.0
Canny,peaks,6687.jpg,148,170,151,155,152,166,168,153,171,134,182,153,140,167,174,149,134,182,158.3125,130.0
Canny,binary,6687.jpg,489,554,505,518,512,528,531,514,554,489,597,515,512,536,590,521,489,597,529.0625,130.0
Canny,mwa,6687.jpg,372,427,388,408,398,406,415,395,448,383,467,403,384,414,474,398,372,474,411.25,130.0
